paper_id,title,phrase,score
1,"Transportation system performance capabilities for vulnerable
populations",resilience transportation relatesto,0.8324
1,"Transportation system performance capabilities for vulnerable
populations",organization unable anticipate,0.2182
1,"Transportation system performance capabilities for vulnerable
populations",concerns users experts,0.2075
1,"Transportation system performance capabilities for vulnerable
populations",college degree vulnerable,0.2005
1,"Transportation system performance capabilities for vulnerable
populations",critical define,0.1763
1,"Transportation system performance capabilities for vulnerable
populations",evolutionary paradigm engineering,0.174
1,"Transportation system performance capabilities for vulnerable
populations",area flood zones,0.1354
1,"Transportation system performance capabilities for vulnerable
populations",characteristics define,0.1309
1,"Transportation system performance capabilities for vulnerable
populations",complexities identities,0.1176
1,"Transportation system performance capabilities for vulnerable
populations",agencies 58 33,0.0893
1,"Transportation system performance capabilities for vulnerable
populations",score economic,0.0871
1,"Transportation system performance capabilities for vulnerable
populations",restore performance,0.0815
1,"Transportation system performance capabilities for vulnerable
populations",cdc define,0.0784
1,"Transportation system performance capabilities for vulnerable
populations",groups household composition,0.0554
1,"Transportation system performance capabilities for vulnerable
populations",apply instructions,0.054
1,"Transportation system performance capabilities for vulnerable
populations",unique measure,0.0483
1,"Transportation system performance capabilities for vulnerable
populations",speakers mobile,0.0467
1,"Transportation system performance capabilities for vulnerable
populations",event calls shift,0.0196
1,"Transportation system performance capabilities for vulnerable
populations",abdelmagid status racial,-0.0281
1,"Transportation system performance capabilities for vulnerable
populations",thechallenges posed uncertain,-0.0348
2,"Achieving Postdisaster Reconstruction Success Based on
Satisfactory Delivery of Client Values within
Contractors’ Services",disaster reconstruction projects,0.742
2,"Achieving Postdisaster Reconstruction Success Based on
Satisfactory Delivery of Client Values within
Contractors’ Services",manage postdisaster,0.3144
2,"Achieving Postdisaster Reconstruction Success Based on
Satisfactory Delivery of Client Values within
Contractors’ Services",satisfaction based contractual,0.2727
2,"Achieving Postdisaster Reconstruction Success Based on
Satisfactory Delivery of Client Values within
Contractors’ Services",construction delays hong,0.2248
2,"Achieving Postdisaster Reconstruction Success Based on
Satisfactory Delivery of Client Values within
Contractors’ Services",loss human,0.2127
2,"Achieving Postdisaster Reconstruction Success Based on
Satisfactory Delivery of Client Values within
Contractors’ Services",wenger 2007 berke,0.1718
2,"Achieving Postdisaster Reconstruction Success Based on
Satisfactory Delivery of Client Values within
Contractors’ Services",workshops conferences authors,0.1422
2,"Achieving Postdisaster Reconstruction Success Based on
Satisfactory Delivery of Client Values within
Contractors’ Services",comply health safety,0.119
2,"Achieving Postdisaster Reconstruction Success Based on
Satisfactory Delivery of Client Values within
Contractors’ Services",address client values,0.1151
2,"Achieving Postdisaster Reconstruction Success Based on
Satisfactory Delivery of Client Values within
Contractors’ Services",adopted study used,0.1149
2,"Achieving Postdisaster Reconstruction Success Based on
Satisfactory Delivery of Client Values within
Contractors’ Services",play zhang kumaraswamy,0.0743
2,"Achieving Postdisaster Reconstruction Success Based on
Satisfactory Delivery of Client Values within
Contractors’ Services",quadrant overdelivered,0.0606
2,"Achieving Postdisaster Reconstruction Success Based on
Satisfactory Delivery of Client Values within
Contractors’ Services",define key,0.0477
2,"Achieving Postdisaster Reconstruction Success Based on
Satisfactory Delivery of Client Values within
Contractors’ Services",highlighting need,0.0456
2,"Achieving Postdisaster Reconstruction Success Based on
Satisfactory Delivery of Client Values within
Contractors’ Services",high number questions,0.0323
2,"Achieving Postdisaster Reconstruction Success Based on
Satisfactory Delivery of Client Values within
Contractors’ Services",perceived performance lower,0.0296
2,"Achieving Postdisaster Reconstruction Success Based on
Satisfactory Delivery of Client Values within
Contractors’ Services",gohary 2016 issue,0.0204
2,"Achieving Postdisaster Reconstruction Success Based on
Satisfactory Delivery of Client Values within
Contractors’ Services",pinnington 2014 size,0.0122
2,"Achieving Postdisaster Reconstruction Success Based on
Satisfactory Delivery of Client Values within
Contractors’ Services",columns column includes,0.0056
2,"Achieving Postdisaster Reconstruction Success Based on
Satisfactory Delivery of Client Values within
Contractors’ Services",average years,-0.0013
3,"Developing Resilience in
Disaster Relief Operations Management
through Lean Transformation",disaster resilient operations,0.6417
3,"Developing Resilience in
Disaster Relief Operations Management
through Lean Transformation",use selected lean,0.3184
3,"Developing Resilience in
Disaster Relief Operations Management
through Lean Transformation",capability linked,0.2374
3,"Developing Resilience in
Disaster Relief Operations Management
through Lean Transformation",activities indicators,0.2199
3,"Developing Resilience in
Disaster Relief Operations Management
through Lean Transformation",develop value steam,0.2132
3,"Developing Resilience in
Disaster Relief Operations Management
through Lean Transformation",systematic literature review,0.2044
3,"Developing Resilience in
Disaster Relief Operations Management
through Lean Transformation",industrial settings leads,0.198
3,"Developing Resilience in
Disaster Relief Operations Management
through Lean Transformation",different phases dros,0.1817
3,"Developing Resilience in
Disaster Relief Operations Management
through Lean Transformation",maps vsm key,0.18
3,"Developing Resilience in
Disaster Relief Operations Management
through Lean Transformation",meanings concept,0.1635
3,"Developing Resilience in
Disaster Relief Operations Management
through Lean Transformation",transformation different,0.1592
3,"Developing Resilience in
Disaster Relief Operations Management
through Lean Transformation",stream 2011 service,0.153
3,"Developing Resilience in
Disaster Relief Operations Management
through Lean Transformation",increase response,0.1521
3,"Developing Resilience in
Disaster Relief Operations Management
through Lean Transformation",devising pragmatic strategies,0.1084
3,"Developing Resilience in
Disaster Relief Operations Management
through Lean Transformation",framework requirements big,0.1066
3,"Developing Resilience in
Disaster Relief Operations Management
through Lean Transformation",persons capitan,0.0674
3,"Developing Resilience in
Disaster Relief Operations Management
through Lean Transformation",mojtahedi oo,0.057
3,"Developing Resilience in
Disaster Relief Operations Management
through Lean Transformation",light designing relief,0.0559
3,"Developing Resilience in
Disaster Relief Operations Management
through Lean Transformation",management scholars pay,0.0411
3,"Developing Resilience in
Disaster Relief Operations Management
through Lean Transformation",2019 dubey 2020,0.0169
4,"The underestimated role of the transportation network: Improving
disaster & community resilience",disaster community resilience,0.6361
4,"The underestimated role of the transportation network: Improving
disaster & community resilience",indonesia event,0.3841
4,"The underestimated role of the transportation network: Improving
disaster & community resilience",city following prioritisation,0.2865
4,"The underestimated role of the transportation network: Improving
disaster & community resilience",causing severe delays,0.2704
4,"The underestimated role of the transportation network: Improving
disaster & community resilience",disproportionately impacted result,0.2642
4,"The underestimated role of the transportation network: Improving
disaster & community resilience",transportlinks opened based,0.2639
4,"The underestimated role of the transportation network: Improving
disaster & community resilience",acommunity disruption,0.2351
4,"The underestimated role of the transportation network: Improving
disaster & community resilience",unable return school,0.2333
4,"The underestimated role of the transportation network: Improving
disaster & community resilience",welfare function,0.1623
4,"The underestimated role of the transportation network: Improving
disaster & community resilience",supermarkets population,0.1606
4,"The underestimated role of the transportation network: Improving
disaster & community resilience",datainputsandprocessing approach requires,0.1512
4,"The underestimated role of the transportation network: Improving
disaster & community resilience",taylor 2019 children,0.1408
4,"The underestimated role of the transportation network: Improving
disaster & community resilience",intensity road segment,0.1392
4,"The underestimated role of the transportation network: Improving
disaster & community resilience",necessity evidence,0.1314
4,"The underestimated role of the transportation network: Improving
disaster & community resilience",fourcategories based,0.1308
4,"The underestimated role of the transportation network: Improving
disaster & community resilience",1970 measure distribution,0.0776
4,"The underestimated role of the transportation network: Improving
disaster & community resilience",jasour 2022 studies,0.0706
4,"The underestimated role of the transportation network: Improving
disaster & community resilience",close unique set,0.0522
4,"The underestimated role of the transportation network: Improving
disaster & community resilience",compared soil types,0.0233
4,"The underestimated role of the transportation network: Improving
disaster & community resilience",includingcommuting,-0.0453
5,"Transportation Resilience under Climate Change: Infrastructure, Policy, Technology, and Social Dimensions",disaster resilience transportation,0.7361
5,"Transportation Resilience under Climate Change: Infrastructure, Policy, Technology, and Social Dimensions",climatic variability significantly,0.222
5,"Transportation Resilience under Climate Change: Infrastructure, Policy, Technology, and Social Dimensions",reconfiguring,0.2102
5,"Transportation Resilience under Climate Change: Infrastructure, Policy, Technology, and Social Dimensions",development adaptive demands,0.1967
5,"Transportation Resilience under Climate Change: Infrastructure, Policy, Technology, and Social Dimensions",2019 demonstrated importance,0.1936
5,"Transportation Resilience under Climate Change: Infrastructure, Policy, Technology, and Social Dimensions",recovery periods,0.1768
5,"Transportation Resilience under Climate Change: Infrastructure, Policy, Technology, and Social Dimensions",energy systems kolpakov,0.165
5,"Transportation Resilience under Climate Change: Infrastructure, Policy, Technology, and Social Dimensions",communities lack access,0.1637
5,"Transportation Resilience under Climate Change: Infrastructure, Policy, Technology, and Social Dimensions",limits applicability findings,0.153
5,"Transportation Resilience under Climate Change: Infrastructure, Policy, Technology, and Social Dimensions",nodes tod reduces,0.1322
5,"Transportation Resilience under Climate Change: Infrastructure, Policy, Technology, and Social Dimensions",linked unplanned,0.1104
5,"Transportation Resilience under Climate Change: Infrastructure, Policy, Technology, and Social Dimensions",advanced drainage,0.0945
5,"Transportation Resilience under Climate Change: Infrastructure, Policy, Technology, and Social Dimensions",structures enhance systemic,0.0874
5,"Transportation Resilience under Climate Change: Infrastructure, Policy, Technology, and Social Dimensions",2025 tampa bay,0.0784
5,"Transportation Resilience under Climate Change: Infrastructure, Policy, Technology, and Social Dimensions",terminology field zhang,0.0732
5,"Transportation Resilience under Climate Change: Infrastructure, Policy, Technology, and Social Dimensions",interplay political economic,0.0662
5,"Transportation Resilience under Climate Change: Infrastructure, Policy, Technology, and Social Dimensions",real time data,0.0565
5,"Transportation Resilience under Climate Change: Infrastructure, Policy, Technology, and Social Dimensions",enable proactive,0.0365
5,"Transportation Resilience under Climate Change: Infrastructure, Policy, Technology, and Social Dimensions",response minimizing likelihood,0.03
5,"Transportation Resilience under Climate Change: Infrastructure, Policy, Technology, and Social Dimensions",search results imported,0.0134
6,"Transportation Resilience: A summative review on Definition and
Connotation",resilience transportation systems,0.716
6,"Transportation Resilience: A summative review on Definition and
Connotation",hurricane flood tsunami,0.3639
6,"Transportation Resilience: A summative review on Definition and
Connotation",strike breakdown caused,0.346
6,"Transportation Resilience: A summative review on Definition and
Connotation",metro 2005 reduced,0.29
6,"Transportation Resilience: A summative review on Definition and
Connotation",loss list,0.2473
6,"Transportation Resilience: A summative review on Definition and
Connotation",society kobe,0.2284
6,"Transportation Resilience: A summative review on Definition and
Connotation",potential actions taken,0.2133
6,"Transportation Resilience: A summative review on Definition and
Connotation",synonym return restore,0.1848
6,"Transportation Resilience: A summative review on Definition and
Connotation",absorb changes environment,0.1802
6,"Transportation Resilience: A summative review on Definition and
Connotation",weeks examples main,0.1699
6,"Transportation Resilience: A summative review on Definition and
Connotation",application indispensable,0.1528
6,"Transportation Resilience: A summative review on Definition and
Connotation",cost increase acceptable,0.108
6,"Transportation Resilience: A summative review on Definition and
Connotation",service specified time,0.1024
6,"Transportation Resilience: A summative review on Definition and
Connotation",meaning scientifically clarify,0.0834
6,"Transportation Resilience: A summative review on Definition and
Connotation",summative review definition,0.0801
6,"Transportation Resilience: A summative review on Definition and
Connotation",following strong perturbation,0.0702
6,"Transportation Resilience: A summative review on Definition and
Connotation",2015 authors published,0.0537
6,"Transportation Resilience: A summative review on Definition and
Connotation",close mayada,0.0534
6,"Transportation Resilience: A summative review on Definition and
Connotation",attributes integrated dimensions,0.0493
6,"Transportation Resilience: A summative review on Definition and
Connotation",choose substitute mode,-0.017
7,"Roadmap Toward Responsible AI in Crisis
Resilience and Management",ai crisis management,0.7234
7,"Roadmap Toward Responsible AI in Crisis
Resilience and Management",data storage capacities,0.3166
7,"Roadmap Toward Responsible AI in Crisis
Resilience and Management",robustness safety privacy,0.2384
7,"Roadmap Toward Responsible AI in Crisis
Resilience and Management",decisions informed epidemiological,0.2364
7,"Roadmap Toward Responsible AI in Crisis
Resilience and Management",concepts formal methods,0.2138
7,"Roadmap Toward Responsible AI in Crisis
Resilience and Management",11203 lee roadmap,0.2013
7,"Roadmap Toward Responsible AI in Crisis
Resilience and Management",algorithms track different,0.1954
7,"Roadmap Toward Responsible AI in Crisis
Resilience and Management",recovery recovery progress,0.1714
7,"Roadmap Toward Responsible AI in Crisis
Resilience and Management",advancements sensing technologies,0.1651
7,"Roadmap Toward Responsible AI in Crisis
Resilience and Management",things important,0.1635
7,"Roadmap Toward Responsible AI in Crisis
Resilience and Management",range cognitive,0.1589
7,"Roadmap Toward Responsible AI in Crisis
Resilience and Management",67 exacerbated implementing,0.1584
7,"Roadmap Toward Responsible AI in Crisis
Resilience and Management",damage assessment,0.1411
7,"Roadmap Toward Responsible AI in Crisis
Resilience and Management",crm framed,0.1306
7,"Roadmap Toward Responsible AI in Crisis
Resilience and Management",intuitively weick,0.0912
7,"Roadmap Toward Responsible AI in Crisis
Resilience and Management",literature reviews used,0.0476
7,"Roadmap Toward Responsible AI in Crisis
Resilience and Management",papagiannidis,0.0092
7,"Roadmap Toward Responsible AI in Crisis
Resilience and Management",create path dependencies,0.0042
7,"Roadmap Toward Responsible AI in Crisis
Resilience and Management",approximately hours,-0.0053
7,"Roadmap Toward Responsible AI in Crisis
Resilience and Management",affiliations demographic attributes,-0.0084
8,"Performance Measure–Based Framework
for Evaluating Transportation
Infrastructure Resilience",transportation infrastructure resilience,0.7024
8,"Performance Measure–Based Framework
for Evaluating Transportation
Infrastructure Resilience",impacts climate extreme,0.4486
8,"Performance Measure–Based Framework
for Evaluating Transportation
Infrastructure Resilience",58 pavement performance,0.4181
8,"Performance Measure–Based Framework
for Evaluating Transportation
Infrastructure Resilience",compromising national security,0.1981
8,"Performance Measure–Based Framework
for Evaluating Transportation
Infrastructure Resilience",tornadoes step,0.1902
8,"Performance Measure–Based Framework
for Evaluating Transportation
Infrastructure Resilience",events estimated cost,0.18
8,"Performance Measure–Based Framework
for Evaluating Transportation
Infrastructure Resilience",properties define concept,0.1547
8,"Performance Measure–Based Framework
for Evaluating Transportation
Infrastructure Resilience",term assessment sync,0.142
8,"Performance Measure–Based Framework
for Evaluating Transportation
Infrastructure Resilience",corporation recognized,0.1379
8,"Performance Measure–Based Framework
for Evaluating Transportation
Infrastructure Resilience",result types losses,0.1298
8,"Performance Measure–Based Framework
for Evaluating Transportation
Infrastructure Resilience",best practices guidance,0.111
8,"Performance Measure–Based Framework
for Evaluating Transportation
Infrastructure Resilience",ports category tools,0.0877
8,"Performance Measure–Based Framework
for Evaluating Transportation
Infrastructure Resilience",issue creates foundation,0.0778
8,"Performance Measure–Based Framework
for Evaluating Transportation
Infrastructure Resilience",10 20 years,0.0736
8,"Performance Measure–Based Framework
for Evaluating Transportation
Infrastructure Resilience",cumulative distribution function,0.0705
8,"Performance Measure–Based Framework
for Evaluating Transportation
Infrastructure Resilience",addition ramcap process,0.0491
8,"Performance Measure–Based Framework
for Evaluating Transportation
Infrastructure Resilience",frost depth assess,0.0367
8,"Performance Measure–Based Framework
for Evaluating Transportation
Infrastructure Resilience",definition current,0.0187
8,"Performance Measure–Based Framework
for Evaluating Transportation
Infrastructure Resilience",auburn university,0.016
8,"Performance Measure–Based Framework
for Evaluating Transportation
Infrastructure Resilience",directive 21 recognizes,0.007
9,"Enhancing Disaster Resilience and
Authentic Public Partnership in
Transportation Practice: Negotiated
Resilience Capability Maturity Model",disaster impacts,0.7054
9,"Enhancing Disaster Resilience and
Authentic Public Partnership in
Transportation Practice: Negotiated
Resilience Capability Maturity Model",guidebook transportation agencies,0.352
9,"Enhancing Disaster Resilience and
Authentic Public Partnership in
Transportation Practice: Negotiated
Resilience Capability Maturity Model",agencies nonexistent inadequate,0.2764
9,"Enhancing Disaster Resilience and
Authentic Public Partnership in
Transportation Practice: Negotiated
Resilience Capability Maturity Model",populations living disability,0.2692
9,"Enhancing Disaster Resilience and
Authentic Public Partnership in
Transportation Practice: Negotiated
Resilience Capability Maturity Model",seeking build negotiated,0.1932
9,"Enhancing Disaster Resilience and
Authentic Public Partnership in
Transportation Practice: Negotiated
Resilience Capability Maturity Model",life return investment,0.177
9,"Enhancing Disaster Resilience and
Authentic Public Partnership in
Transportation Practice: Negotiated
Resilience Capability Maturity Model",shelter slept cars,0.1663
9,"Enhancing Disaster Resilience and
Authentic Public Partnership in
Transportation Practice: Negotiated
Resilience Capability Maturity Model",events cpi adjusted,0.1613
9,"Enhancing Disaster Resilience and
Authentic Public Partnership in
Transportation Practice: Negotiated
Resilience Capability Maturity Model",atlanta ga 2sam,0.1571
9,"Enhancing Disaster Resilience and
Authentic Public Partnership in
Transportation Practice: Negotiated
Resilience Capability Maturity Model",public participation tea,0.1339
9,"Enhancing Disaster Resilience and
Authentic Public Partnership in
Transportation Practice: Negotiated
Resilience Capability Maturity Model",enacted 1998 reauthorized,0.1319
9,"Enhancing Disaster Resilience and
Authentic Public Partnership in
Transportation Practice: Negotiated
Resilience Capability Maturity Model",electric micro mobility,0.0853
9,"Enhancing Disaster Resilience and
Authentic Public Partnership in
Transportation Practice: Negotiated
Resilience Capability Maturity Model",equipped handle snow,0.07
9,"Enhancing Disaster Resilience and
Authentic Public Partnership in
Transportation Practice: Negotiated
Resilience Capability Maturity Model",criticism perceived inability,0.0633
9,"Enhancing Disaster Resilience and
Authentic Public Partnership in
Transportation Practice: Negotiated
Resilience Capability Maturity Model",introduced ziervogel,0.0593
9,"Enhancing Disaster Resilience and
Authentic Public Partnership in
Transportation Practice: Negotiated
Resilience Capability Maturity Model",body research,0.059
9,"Enhancing Disaster Resilience and
Authentic Public Partnership in
Transportation Practice: Negotiated
Resilience Capability Maturity Model",persist higher levels,0.0102
9,"Enhancing Disaster Resilience and
Authentic Public Partnership in
Transportation Practice: Negotiated
Resilience Capability Maturity Model",process allows reflection,0.0087
9,"Enhancing Disaster Resilience and
Authentic Public Partnership in
Transportation Practice: Negotiated
Resilience Capability Maturity Model",shown combines questions,0.0071
9,"Enhancing Disaster Resilience and
Authentic Public Partnership in
Transportation Practice: Negotiated
Resilience Capability Maturity Model",universally accepted definition,-0.0436
10,"Innovation pathways within road performance management to
upgrade investment analysis: A walkthrough of New Zealand
and Philippine resilience landscapes",resilience road asset,0.7331
10,"Innovation pathways within road performance management to
upgrade investment analysis: A walkthrough of New Zealand
and Philippine resilience landscapes",zealand philippine national,0.2986
10,"Innovation pathways within road performance management to
upgrade investment analysis: A walkthrough of New Zealand
and Philippine resilience landscapes",rating year resurfacing,0.2562
10,"Innovation pathways within road performance management to
upgrade investment analysis: A walkthrough of New Zealand
and Philippine resilience landscapes",government agencies lead,0.2361
10,"Innovation pathways within road performance management to
upgrade investment analysis: A walkthrough of New Zealand
and Philippine resilience landscapes",overarching goals coping,0.214
10,"Innovation pathways within road performance management to
upgrade investment analysis: A walkthrough of New Zealand
and Philippine resilience landscapes",growth increased,0.1833
10,"Innovation pathways within road performance management to
upgrade investment analysis: A walkthrough of New Zealand
and Philippine resilience landscapes",2020 instance unprogrammed,0.1463
10,"Innovation pathways within road performance management to
upgrade investment analysis: A walkthrough of New Zealand
and Philippine resilience landscapes",definition,0.1429
10,"Innovation pathways within road performance management to
upgrade investment analysis: A walkthrough of New Zealand
and Philippine resilience landscapes",guidelines quantifying,0.132
10,"Innovation pathways within road performance management to
upgrade investment analysis: A walkthrough of New Zealand
and Philippine resilience landscapes",climatological hydro meteorological,0.1265
10,"Innovation pathways within road performance management to
upgrade investment analysis: A walkthrough of New Zealand
and Philippine resilience landscapes",outage state duration,0.1212
10,"Innovation pathways within road performance management to
upgrade investment analysis: A walkthrough of New Zealand
and Philippine resilience landscapes",applying,0.1201
10,"Innovation pathways within road performance management to
upgrade investment analysis: A walkthrough of New Zealand
and Philippine resilience landscapes",view background communities,0.0979
10,"Innovation pathways within road performance management to
upgrade investment analysis: A walkthrough of New Zealand
and Philippine resilience landscapes",types values contemplate,0.0753
10,"Innovation pathways within road performance management to
upgrade investment analysis: A walkthrough of New Zealand
and Philippine resilience landscapes",change ipcc,0.0695
10,"Innovation pathways within road performance management to
upgrade investment analysis: A walkthrough of New Zealand
and Philippine resilience landscapes",minimise total,0.0693
10,"Innovation pathways within road performance management to
upgrade investment analysis: A walkthrough of New Zealand
and Philippine resilience landscapes",rams requires components,0.0163
10,"Innovation pathways within road performance management to
upgrade investment analysis: A walkthrough of New Zealand
and Philippine resilience landscapes",10 1201 9781003429258,-0.0058
10,"Innovation pathways within road performance management to
upgrade investment analysis: A walkthrough of New Zealand
and Philippine resilience landscapes",manage outputs client,-0.0154
10,"Innovation pathways within road performance management to
upgrade investment analysis: A walkthrough of New Zealand
and Philippine resilience landscapes",slow onset events,-0.0798
11,"Emergence of resilience as a framework for state Departments of
Transportation (DOTs) in the United States",resilience transportation dots,0.7019
11,"Emergence of resilience as a framework for state Departments of
Transportation (DOTs) in the United States",centricagenciestobecomingmultimodalagencieswithrolesinfinancing planning safety,0.3792
11,"Emergence of resilience as a framework for state Departments of
Transportation (DOTs) in the United States",toresistand recoverfromadisruptionor disaster,0.3243
11,"Emergence of resilience as a framework for state Departments of
Transportation (DOTs) in the United States",astudyconductedinthenetherlands whichexamined terrorist,0.301
11,"Emergence of resilience as a framework for state Departments of
Transportation (DOTs) in the United States",federal state,0.2783
11,"Emergence of resilience as a framework for state Departments of
Transportation (DOTs) in the United States",hazard timely,0.2385
11,"Emergence of resilience as a framework for state Departments of
Transportation (DOTs) in the United States",orinevitablelong termimpactslikeaginginfrastructure climatechangeandsealevelrise,0.2318
11,"Emergence of resilience as a framework for state Departments of
Transportation (DOTs) in the United States",storm surge led,0.2207
11,"Emergence of resilience as a framework for state Departments of
Transportation (DOTs) in the United States",vehiclemanufacturers andtransitoperators,0.1775
11,"Emergence of resilience as a framework for state Departments of
Transportation (DOTs) in the United States",2012 definition,0.1651
11,"Emergence of resilience as a framework for state Departments of
Transportation (DOTs) in the United States",existing security,0.1576
11,"Emergence of resilience as a framework for state Departments of
Transportation (DOTs) in the United States",outcomesandapplicationsoftheinformationbasedonmultiplecasestudiesdiscussedinthereport,0.1345
11,"Emergence of resilience as a framework for state Departments of
Transportation (DOTs) in the United States",bridges culverts,0.1051
11,"Emergence of resilience as a framework for state Departments of
Transportation (DOTs) in the United States",normal ability respond,0.0879
11,"Emergence of resilience as a framework for state Departments of
Transportation (DOTs) in the United States",102178 eachlayercangiveabig,0.0867
11,"Emergence of resilience as a framework for state Departments of
Transportation (DOTs) in the United States",health issues family,0.0798
11,"Emergence of resilience as a framework for state Departments of
Transportation (DOTs) in the United States",efficiency baselineitselfsensible,0.0525
11,"Emergence of resilience as a framework for state Departments of
Transportation (DOTs) in the United States",unfortunately,0.0442
11,"Emergence of resilience as a framework for state Departments of
Transportation (DOTs) in the United States",definition address,0.042
11,"Emergence of resilience as a framework for state Departments of
Transportation (DOTs) in the United States",adisastrous attack presupposesfastrepairoftheinfrastructure,0.0317
12,"Resilience and Disaster Recovery
Tool Suite for Evaluating Resilient
Infrastructure Return on Investment
with a Robust Decision-Making
Metamodeling Approach",resilient transportation infrastructure,0.6532
12,"Resilience and Disaster Recovery
Tool Suite for Evaluating Resilient
Infrastructure Return on Investment
with a Robust Decision-Making
Metamodeling Approach",wildfire hazard events,0.327
12,"Resilience and Disaster Recovery
Tool Suite for Evaluating Resilient
Infrastructure Return on Investment
with a Robust Decision-Making
Metamodeling Approach",dot requires comprehensive,0.3134
12,"Resilience and Disaster Recovery
Tool Suite for Evaluating Resilient
Infrastructure Return on Investment
with a Robust Decision-Making
Metamodeling Approach",forecast changes trip,0.2786
12,"Resilience and Disaster Recovery
Tool Suite for Evaluating Resilient
Infrastructure Return on Investment
with a Robust Decision-Making
Metamodeling Approach",project dashboard,0.2694
12,"Resilience and Disaster Recovery
Tool Suite for Evaluating Resilient
Infrastructure Return on Investment
with a Robust Decision-Making
Metamodeling Approach",futures provides aggregated,0.2526
12,"Resilience and Disaster Recovery
Tool Suite for Evaluating Resilient
Infrastructure Return on Investment
with a Robust Decision-Making
Metamodeling Approach",outcomes rdr tool,0.241
12,"Resilience and Disaster Recovery
Tool Suite for Evaluating Resilient
Infrastructure Return on Investment
with a Robust Decision-Making
Metamodeling Approach",recovery paths specified,0.2261
12,"Resilience and Disaster Recovery
Tool Suite for Evaluating Resilient
Infrastructure Return on Investment
with a Robust Decision-Making
Metamodeling Approach",guidance monetary values,0.2199
12,"Resilience and Disaster Recovery
Tool Suite for Evaluating Resilient
Infrastructure Return on Investment
with a Robust Decision-Making
Metamodeling Approach",metamodel enabling,0.1901
12,"Resilience and Disaster Recovery
Tool Suite for Evaluating Resilient
Infrastructure Return on Investment
with a Robust Decision-Making
Metamodeling Approach",duration repair cost,0.1605
12,"Resilience and Disaster Recovery
Tool Suite for Evaluating Resilient
Infrastructure Return on Investment
with a Robust Decision-Making
Metamodeling Approach",land use demographics,0.1444
12,"Resilience and Disaster Recovery
Tool Suite for Evaluating Resilient
Infrastructure Return on Investment
with a Robust Decision-Making
Metamodeling Approach",piloting hampton roads,0.1402
12,"Resilience and Disaster Recovery
Tool Suite for Evaluating Resilient
Infrastructure Return on Investment
with a Robust Decision-Making
Metamodeling Approach",analyzing riverine,0.1191
12,"Resilience and Disaster Recovery
Tool Suite for Evaluating Resilient
Infrastructure Return on Investment
with a Robust Decision-Making
Metamodeling Approach",organization space definition,0.0922
12,"Resilience and Disaster Recovery
Tool Suite for Evaluating Resilient
Infrastructure Return on Investment
with a Robust Decision-Making
Metamodeling Approach",use aequilibrae case,0.0841
12,"Resilience and Disaster Recovery
Tool Suite for Evaluating Resilient
Infrastructure Return on Investment
with a Robust Decision-Making
Metamodeling Approach",separate software license,0.0813
12,"Resilience and Disaster Recovery
Tool Suite for Evaluating Resilient
Infrastructure Return on Investment
with a Robust Decision-Making
Metamodeling Approach",runs improve fit,0.0727
12,"Resilience and Disaster Recovery
Tool Suite for Evaluating Resilient
Infrastructure Return on Investment
with a Robust Decision-Making
Metamodeling Approach",author kristin lewis,0.0557
12,"Resilience and Disaster Recovery
Tool Suite for Evaluating Resilient
Infrastructure Return on Investment
with a Robust Decision-Making
Metamodeling Approach",form specified,-0.0153
13,Protecting the transportation sector from the negative impacts of climate change,infrastructure climate change,0.7503
13,Protecting the transportation sector from the negative impacts of climate change,personal protective equipment,0.2342
13,Protecting the transportation sector from the negative impacts of climate change,availability benefits,0.2085
13,Protecting the transportation sector from the negative impacts of climate change,adaptiv fixed warning,0.1638
13,Protecting the transportation sector from the negative impacts of climate change,ipcc provided evidence,0.1598
13,Protecting the transportation sector from the negative impacts of climate change,levels avoid future,0.1191
13,Protecting the transportation sector from the negative impacts of climate change,locomotives ships aircraft,0.1063
13,Protecting the transportation sector from the negative impacts of climate change,establish business,0.1019
13,Protecting the transportation sector from the negative impacts of climate change,total costs cost,0.1001
13,Protecting the transportation sector from the negative impacts of climate change,drying measures required,0.0954
13,Protecting the transportation sector from the negative impacts of climate change,events nologies enable,0.0923
13,Protecting the transportation sector from the negative impacts of climate change,adding backup power,0.0871
13,Protecting the transportation sector from the negative impacts of climate change,docks occurrence,0.0691
13,Protecting the transportation sector from the negative impacts of climate change,frequency duration,0.0686
13,Protecting the transportation sector from the negative impacts of climate change,recovery processes severe,0.0685
13,Protecting the transportation sector from the negative impacts of climate change,eurocontrol developed natural,0.0639
13,Protecting the transportation sector from the negative impacts of climate change,common number extreme,0.0523
13,Protecting the transportation sector from the negative impacts of climate change,variations strong interconnectivity,0.0308
13,Protecting the transportation sector from the negative impacts of climate change,reviewing options,0.0156
13,Protecting the transportation sector from the negative impacts of climate change,lykou stergiopoulos papachrysanthou,-0.029
14,8R Resilience Model: A stakeholder-centered approach of disaster resilience for transportation infrastructure and network,disaster resilience infrastructure,0.7643
14,8R Resilience Model: A stakeholder-centered approach of disaster resilience for transportation infrastructure and network,model prioritizes stakeholders,0.3253
14,8R Resilience Model: A stakeholder-centered approach of disaster resilience for transportation infrastructure and network,40 higher reliability,0.3115
14,8R Resilience Model: A stakeholder-centered approach of disaster resilience for transportation infrastructure and network,sys tems concepts,0.276
14,8R Resilience Model: A stakeholder-centered approach of disaster resilience for transportation infrastructure and network,refers fully functioning,0.2724
14,8R Resilience Model: A stakeholder-centered approach of disaster resilience for transportation infrastructure and network,detours limited timeframe,0.2076
14,8R Resilience Model: A stakeholder-centered approach of disaster resilience for transportation infrastructure and network,8r principle termed,0.1921
14,8R Resilience Model: A stakeholder-centered approach of disaster resilience for transportation infrastructure and network,stress ex periencing,0.1596
14,8R Resilience Model: A stakeholder-centered approach of disaster resilience for transportation infrastructure and network,reserved main,0.1513
14,8R Resilience Model: A stakeholder-centered approach of disaster resilience for transportation infrastructure and network,ex traction annotation,0.1431
14,8R Resilience Model: A stakeholder-centered approach of disaster resilience for transportation infrastructure and network,serve substitute components,0.1216
14,8R Resilience Model: A stakeholder-centered approach of disaster resilience for transportation infrastructure and network,health tips risk,0.1116
14,8R Resilience Model: A stakeholder-centered approach of disaster resilience for transportation infrastructure and network,validating unique,0.1011
14,8R Resilience Model: A stakeholder-centered approach of disaster resilience for transportation infrastructure and network,loss function,0.1008
14,8R Resilience Model: A stakeholder-centered approach of disaster resilience for transportation infrastructure and network,element row column,0.075
14,8R Resilience Model: A stakeholder-centered approach of disaster resilience for transportation infrastructure and network,29 30 31,0.0448
14,8R Resilience Model: A stakeholder-centered approach of disaster resilience for transportation infrastructure and network,mcda process select,0.0431
14,8R Resilience Model: A stakeholder-centered approach of disaster resilience for transportation infrastructure and network,highly observed southeast,0.0367
14,8R Resilience Model: A stakeholder-centered approach of disaster resilience for transportation infrastructure and network,proposes novel,0.0029
14,8R Resilience Model: A stakeholder-centered approach of disaster resilience for transportation infrastructure and network,tweets fig percentage,-0.0284
15,"A Probabilistic Approach to the Evaluation of Seismic Resilience
in Road Asset Management",risk management resilience,0.6279
15,"A Probabilistic Approach to the Evaluation of Seismic Resilience
in Road Asset Management",road assets underwent,0.4038
15,"A Probabilistic Approach to the Evaluation of Seismic Resilience
in Road Asset Management",assessing seismic,0.3173
15,"A Probabilistic Approach to the Evaluation of Seismic Resilience
in Road Asset Management",central italy stochastic,0.2933
15,"A Probabilistic Approach to the Evaluation of Seismic Resilience
in Road Asset Management",2014 iso 55002,0.2308
15,"A Probabilistic Approach to the Evaluation of Seismic Resilience
in Road Asset Management",defined expected,0.226
15,"A Probabilistic Approach to the Evaluation of Seismic Resilience
in Road Asset Management",networks terms metrics,0.2156
15,"A Probabilistic Approach to the Evaluation of Seismic Resilience
in Road Asset Management",standards values close,0.2116
15,"A Probabilistic Approach to the Evaluation of Seismic Resilience
in Road Asset Management",example 10 years,0.2023
15,"A Probabilistic Approach to the Evaluation of Seismic Resilience
in Road Asset Management",usually considered fig,0.1475
15,"A Probabilistic Approach to the Evaluation of Seismic Resilience
in Road Asset Management",level modelled poisson,0.1376
15,"A Probabilistic Approach to the Evaluation of Seismic Resilience
in Road Asset Management",framework issue related,0.1356
15,"A Probabilistic Approach to the Evaluation of Seismic Resilience
in Road Asset Management",perugia teramo aquila,0.1121
15,"A Probabilistic Approach to the Evaluation of Seismic Resilience
in Road Asset Management",adopted european union,0.1117
15,"A Probabilistic Approach to the Evaluation of Seismic Resilience
in Road Asset Management",different addendums 123,0.1007
15,"A Probabilistic Approach to the Evaluation of Seismic Resilience
in Road Asset Management",affect performance,0.0971
15,"A Probabilistic Approach to the Evaluation of Seismic Resilience
in Road Asset Management",pga maximum cost,0.0835
15,"A Probabilistic Approach to the Evaluation of Seismic Resilience
in Road Asset Management",sci literature review,0.0536
15,"A Probabilistic Approach to the Evaluation of Seismic Resilience
in Road Asset Management",needed implement scheduled,0.0277
15,"A Probabilistic Approach to the Evaluation of Seismic Resilience
in Road Asset Management",area function,0.0229
16,"Understanding Multisector Stakeholder Value Dynamics
in Hurricane Michael: Toward Collaborative
Decision-Making in Disaster Contexts",disasters stakeholder,0.6942
16,"Understanding Multisector Stakeholder Value Dynamics
in Hurricane Michael: Toward Collaborative
Decision-Making in Disaster Contexts",just fema,0.2787
16,"Understanding Multisector Stakeholder Value Dynamics
in Hurricane Michael: Toward Collaborative
Decision-Making in Disaster Contexts",identification integration multisector,0.2508
16,"Understanding Multisector Stakeholder Value Dynamics
in Hurricane Michael: Toward Collaborative
Decision-Making in Disaster Contexts",separate discussions submitted,0.1872
16,"Understanding Multisector Stakeholder Value Dynamics
in Hurricane Michael: Toward Collaborative
Decision-Making in Disaster Contexts",recovery mitigation remainder,0.1845
16,"Understanding Multisector Stakeholder Value Dynamics
in Hurricane Michael: Toward Collaborative
Decision-Making in Disaster Contexts",categories conservation openness,0.1776
16,"Understanding Multisector Stakeholder Value Dynamics
in Hurricane Michael: Toward Collaborative
Decision-Making in Disaster Contexts",values ideals guide,0.1298
16,"Understanding Multisector Stakeholder Value Dynamics
in Hurricane Michael: Toward Collaborative
Decision-Making in Disaster Contexts",michael research findings,0.1057
16,"Understanding Multisector Stakeholder Value Dynamics
in Hurricane Michael: Toward Collaborative
Decision-Making in Disaster Contexts",chhotray 2012 fig,0.0928
16,"Understanding Multisector Stakeholder Value Dynamics
in Hurricane Michael: Toward Collaborative
Decision-Making in Disaster Contexts",distributed 04020032 nat,0.0695
16,"Understanding Multisector Stakeholder Value Dynamics
in Hurricane Michael: Toward Collaborative
Decision-Making in Disaster Contexts",attach higher,0.0657
16,"Understanding Multisector Stakeholder Value Dynamics
in Hurricane Michael: Toward Collaborative
Decision-Making in Disaster Contexts",hospitality employees ariza,0.0635
16,"Understanding Multisector Stakeholder Value Dynamics
in Hurricane Michael: Toward Collaborative
Decision-Making in Disaster Contexts",countries include united,0.0613
16,"Understanding Multisector Stakeholder Value Dynamics
in Hurricane Michael: Toward Collaborative
Decision-Making in Disaster Contexts",record florida panhandle,0.0496
16,"Understanding Multisector Stakeholder Value Dynamics
in Hurricane Michael: Toward Collaborative
Decision-Making in Disaster Contexts",sustained wind speeds,0.0363
16,"Understanding Multisector Stakeholder Value Dynamics
in Hurricane Michael: Toward Collaborative
Decision-Making in Disaster Contexts",1527 6988,0.0275
16,"Understanding Multisector Stakeholder Value Dynamics
in Hurricane Michael: Toward Collaborative
Decision-Making in Disaster Contexts",series average active,0.0149
16,"Understanding Multisector Stakeholder Value Dynamics
in Hurricane Michael: Toward Collaborative
Decision-Making in Disaster Contexts",cost instead retrofitting,0.0131
16,"Understanding Multisector Stakeholder Value Dynamics
in Hurricane Michael: Toward Collaborative
Decision-Making in Disaster Contexts",confirmed,0.0126
16,"Understanding Multisector Stakeholder Value Dynamics
in Hurricane Michael: Toward Collaborative
Decision-Making in Disaster Contexts",terms gender difference,0.0026
17,COMMUNITY RESILIENCE OF LIFELINE SYSTEMS: SOCIETAL NEEDS AND PERFORMANCE ASSESSMENT,earthquake resilient lifelines,0.7387
17,COMMUNITY RESILIENCE OF LIFELINE SYSTEMS: SOCIETAL NEEDS AND PERFORMANCE ASSESSMENT,wastewater systems susceptible,0.3128
17,COMMUNITY RESILIENCE OF LIFELINE SYSTEMS: SOCIETAL NEEDS AND PERFORMANCE ASSESSMENT,reduce community,0.3064
17,COMMUNITY RESILIENCE OF LIFELINE SYSTEMS: SOCIETAL NEEDS AND PERFORMANCE ASSESSMENT,events risk management,0.2754
17,COMMUNITY RESILIENCE OF LIFELINE SYSTEMS: SOCIETAL NEEDS AND PERFORMANCE ASSESSMENT,needs performance assessment,0.2539
17,COMMUNITY RESILIENCE OF LIFELINE SYSTEMS: SOCIETAL NEEDS AND PERFORMANCE ASSESSMENT,panel ensure,0.1929
17,COMMUNITY RESILIENCE OF LIFELINE SYSTEMS: SOCIETAL NEEDS AND PERFORMANCE ASSESSMENT,electric power telecommunication,0.1659
17,COMMUNITY RESILIENCE OF LIFELINE SYSTEMS: SOCIETAL NEEDS AND PERFORMANCE ASSESSMENT,adapt changing conditions,0.1549
17,COMMUNITY RESILIENCE OF LIFELINE SYSTEMS: SOCIETAL NEEDS AND PERFORMANCE ASSESSMENT,flood snow,0.131
17,COMMUNITY RESILIENCE OF LIFELINE SYSTEMS: SOCIETAL NEEDS AND PERFORMANCE ASSESSMENT,damage interrupt prime,0.1195
17,COMMUNITY RESILIENCE OF LIFELINE SYSTEMS: SOCIETAL NEEDS AND PERFORMANCE ASSESSMENT,colocation unknown interdependencies,0.1112
17,COMMUNITY RESILIENCE OF LIFELINE SYSTEMS: SOCIETAL NEEDS AND PERFORMANCE ASSESSMENT,complex multi dimensional,0.1103
17,COMMUNITY RESILIENCE OF LIFELINE SYSTEMS: SOCIETAL NEEDS AND PERFORMANCE ASSESSMENT,terms recovery timeframes,0.095
17,COMMUNITY RESILIENCE OF LIFELINE SYSTEMS: SOCIETAL NEEDS AND PERFORMANCE ASSESSMENT,likelihood failure,0.0937
17,COMMUNITY RESILIENCE OF LIFELINE SYSTEMS: SOCIETAL NEEDS AND PERFORMANCE ASSESSMENT,defines step voluntary,0.0782
17,COMMUNITY RESILIENCE OF LIFELINE SYSTEMS: SOCIETAL NEEDS AND PERFORMANCE ASSESSMENT,geography national vs,0.0776
17,COMMUNITY RESILIENCE OF LIFELINE SYSTEMS: SOCIETAL NEEDS AND PERFORMANCE ASSESSMENT,natural gas liquid,0.0754
17,COMMUNITY RESILIENCE OF LIFELINE SYSTEMS: SOCIETAL NEEDS AND PERFORMANCE ASSESSMENT,16 917 39,0.0706
17,COMMUNITY RESILIENCE OF LIFELINE SYSTEMS: SOCIETAL NEEDS AND PERFORMANCE ASSESSMENT,robust view range,0.0099
17,COMMUNITY RESILIENCE OF LIFELINE SYSTEMS: SOCIETAL NEEDS AND PERFORMANCE ASSESSMENT,operations operations exclude,0.0063
18,"Resilience modeling concepts in
transportation systems: a comprehensive
review based on mode, and modeling
techniques",state disaster impact,0.6366
18,"Resilience modeling concepts in
transportation systems: a comprehensive
review based on mode, and modeling
techniques",droughts flooding freeze,0.3814
18,"Resilience modeling concepts in
transportation systems: a comprehensive
review based on mode, and modeling
techniques",adaptation mitigating emissions,0.3174
18,"Resilience modeling concepts in
transportation systems: a comprehensive
review based on mode, and modeling
techniques",reliability restoration discussed,0.2885
18,"Resilience modeling concepts in
transportation systems: a comprehensive
review based on mode, and modeling
techniques",combination strong winds,0.2593
18,"Resilience modeling concepts in
transportation systems: a comprehensive
review based on mode, and modeling
techniques",fluctuations disutility commuters,0.1815
18,"Resilience modeling concepts in
transportation systems: a comprehensive
review based on mode, and modeling
techniques",sub systems power,0.175
18,"Resilience modeling concepts in
transportation systems: a comprehensive
review based on mode, and modeling
techniques",limitations review authors,0.1678
18,"Resilience modeling concepts in
transportation systems: a comprehensive
review based on mode, and modeling
techniques",rescheduling problems,0.1625
18,"Resilience modeling concepts in
transportation systems: a comprehensive
review based on mode, and modeling
techniques",midwestern higher frequency,0.1514
18,"Resilience modeling concepts in
transportation systems: a comprehensive
review based on mode, and modeling
techniques",conceptual framework based,0.1457
18,"Resilience modeling concepts in
transportation systems: a comprehensive
review based on mode, and modeling
techniques",represented cumulative aggregated,0.1352
18,"Resilience modeling concepts in
transportation systems: a comprehensive
review based on mode, and modeling
techniques",leda 137 analyzed,0.1302
18,"Resilience modeling concepts in
transportation systems: a comprehensive
review based on mode, and modeling
techniques",parameters quantify performance,0.118
18,"Resilience modeling concepts in
transportation systems: a comprehensive
review based on mode, and modeling
techniques",road network link,0.0972
18,"Resilience modeling concepts in
transportation systems: a comprehensive
review based on mode, and modeling
techniques",seawater temperature,0.0857
18,"Resilience modeling concepts in
transportation systems: a comprehensive
review based on mode, and modeling
techniques",types natural,0.0757
18,"Resilience modeling concepts in
transportation systems: a comprehensive
review based on mode, and modeling
techniques",16 77 96,0.0513
18,"Resilience modeling concepts in
transportation systems: a comprehensive
review based on mode, and modeling
techniques",haiti guatemala venezuela,0.0252
18,"Resilience modeling concepts in
transportation systems: a comprehensive
review based on mode, and modeling
techniques",resist absorb,-0.0317
19,"MODELLING RESILIENCE OF THE TRANSPORT CRITICAL
INFRASTRUCTURE USING INFLUENCE DIAGRAMS",resilience assessment transport,0.7147
19,"MODELLING RESILIENCE OF THE TRANSPORT CRITICAL
INFRASTRUCTURE USING INFLUENCE DIAGRAMS",terms disasters fukushima,0.3769
19,"MODELLING RESILIENCE OF THE TRANSPORT CRITICAL
INFRASTRUCTURE USING INFLUENCE DIAGRAMS",capability armed forces,0.2457
19,"MODELLING RESILIENCE OF THE TRANSPORT CRITICAL
INFRASTRUCTURE USING INFLUENCE DIAGRAMS",economic sustainability growth,0.2446
19,"MODELLING RESILIENCE OF THE TRANSPORT CRITICAL
INFRASTRUCTURE USING INFLUENCE DIAGRAMS",unknown events,0.2134
19,"MODELLING RESILIENCE OF THE TRANSPORT CRITICAL
INFRASTRUCTURE USING INFLUENCE DIAGRAMS",wind storm affect,0.2126
19,"MODELLING RESILIENCE OF THE TRANSPORT CRITICAL
INFRASTRUCTURE USING INFLUENCE DIAGRAMS",diagrams appropriate tool,0.1943
19,"MODELLING RESILIENCE OF THE TRANSPORT CRITICAL
INFRASTRUCTURE USING INFLUENCE DIAGRAMS",demand tn order,0.1817
19,"MODELLING RESILIENCE OF THE TRANSPORT CRITICAL
INFRASTRUCTURE USING INFLUENCE DIAGRAMS",routes applied,0.175
19,"MODELLING RESILIENCE OF THE TRANSPORT CRITICAL
INFRASTRUCTURE USING INFLUENCE DIAGRAMS",scale corresponding transformation,0.1641
19,"MODELLING RESILIENCE OF THE TRANSPORT CRITICAL
INFRASTRUCTURE USING INFLUENCE DIAGRAMS",ensure function,0.1187
19,"MODELLING RESILIENCE OF THE TRANSPORT CRITICAL
INFRASTRUCTURE USING INFLUENCE DIAGRAMS",node partial collapse,0.1169
19,"MODELLING RESILIENCE OF THE TRANSPORT CRITICAL
INFRASTRUCTURE USING INFLUENCE DIAGRAMS",increased depend current,0.11
19,"MODELLING RESILIENCE OF THE TRANSPORT CRITICAL
INFRASTRUCTURE USING INFLUENCE DIAGRAMS",temporarily disabled alternative,0.0919
19,"MODELLING RESILIENCE OF THE TRANSPORT CRITICAL
INFRASTRUCTURE USING INFLUENCE DIAGRAMS",approach different authors,0.0607
19,"MODELLING RESILIENCE OF THE TRANSPORT CRITICAL
INFRASTRUCTURE USING INFLUENCE DIAGRAMS",intensity normal conditions,0.0547
19,"MODELLING RESILIENCE OF THE TRANSPORT CRITICAL
INFRASTRUCTURE USING INFLUENCE DIAGRAMS",percentage values 100,0.0544
19,"MODELLING RESILIENCE OF THE TRANSPORT CRITICAL
INFRASTRUCTURE USING INFLUENCE DIAGRAMS",use ids address,0.0368
19,"MODELLING RESILIENCE OF THE TRANSPORT CRITICAL
INFRASTRUCTURE USING INFLUENCE DIAGRAMS",cause people use,0.0317
19,"MODELLING RESILIENCE OF THE TRANSPORT CRITICAL
INFRASTRUCTURE USING INFLUENCE DIAGRAMS",define notion,0.0144
20,A Review of Resilient Transportation Systems in the Last Five Years,analyze resilience transportation,0.7344
20,A Review of Resilient Transportation Systems in the Last Five Years,earthquakes inevitably deviate,0.3236
20,A Review of Resilient Transportation Systems in the Last Five Years,considering uncertainties model,0.2587
20,A Review of Resilient Transportation Systems in the Last Five Years,recovery controller,0.2559
20,A Review of Resilient Transportation Systems in the Last Five Years,interruptions delays stop,0.2015
20,A Review of Resilient Transportation Systems in the Last Five Years,detect cyber attack,0.1911
20,A Review of Resilient Transportation Systems in the Last Five Years,defining metrics,0.1869
20,A Review of Resilient Transportation Systems in the Last Five Years,susceptibility absorption adaptation,0.1865
20,A Review of Resilient Transportation Systems in the Last Five Years,enables real,0.1647
20,A Review of Resilient Transportation Systems in the Last Five Years,weather events,0.1638
20,A Review of Resilient Transportation Systems in the Last Five Years,holling 1973 ability,0.1493
20,A Review of Resilient Transportation Systems in the Last Five Years,ecological diversity,0.1458
20,A Review of Resilient Transportation Systems in the Last Five Years,elastic user,0.0829
20,A Review of Resilient Transportation Systems in the Last Five Years,terms lost days,0.0747
20,A Review of Resilient Transportation Systems in the Last Five Years,node connecting,0.0648
20,A Review of Resilient Transportation Systems in the Last Five Years,result core set,0.0515
20,A Review of Resilient Transportation Systems in the Last Five Years,comprehensive integrated approach,0.0464
20,A Review of Resilient Transportation Systems in the Last Five Years,considered qi 2022,0.0459
20,A Review of Resilient Transportation Systems in the Last Five Years,pressure gradually,0.0276
20,A Review of Resilient Transportation Systems in the Last Five Years,mixed integer linear,0.0196
